/***
 *** Course: DBMS-2006 (254354) Database Management Systems 2
 *** Name: Ma Crizza Lynne Regacho
 *** Final Project
 *** Date: 2024-11-20
 ***/

-- =========================================
-- Switch to FinalProject
-- =========================================

USE FinalProject;
GO


-- =========================================
-- 4.1.3 Add a mimimun of 200 rows of data spread across all tables
-- =========================================

/*  
 *  Insert Data to ResidentProfile Table
 */
INSERT INTO ResidentProfiles (ResidentID, FirstName, LastName, RoomNumber, Age, Gender, ContactNumber) VALUES
(1, 'Merri', 'Waelchi', 101, 65, 'f', '1-229-325-2871'),
(2, 'Kathe', 'Block', 102, 100, 'f', '(491) 002-0106'),
(3, 'Titus', 'Stamm', 103, 71, 'f', '891-423-1722'),
(4, 'Ona', 'Dicki', 104, 77, 'm', '1-584-701-3504'),
(5, 'Teodoro', 'Cummerata', 105, 77, 'f', '510.062.2724'),
(6, 'Wade', 'Williamson', 106, 78, 'm', '(160) 521-1386'),
(7, 'Vonda', 'Kris', 107, 89, 'f', '(100) 230-4885'),
(8, 'Blaine', 'Pouros', 108, 92, 'f', '665-629-3562'),
(9, 'Cherise', 'Rempel', 109, 80, 'f', '1-825-329-8895'),
(10, 'Benton', 'Wiza', 110, 83, 'f', '1-720-114-5747'),
(11, 'Jerold', 'Murphy', 111, 86, 'm', '(500) 333-4035'),
(12, 'Alecia', 'Borer', 112, 99, 'm', '350.404.7814'),
(13, 'Bobbi', 'Hartmann', 113, 76, 'm', '1-934-669-1226'),
(14, 'Jennie', 'Luettgen', 114, 78, 'f', '625.115.4095'),
(15, 'Jamar', 'Brown', 115, 75, 'm', '1-442-225-2973'),
(16, 'Bethel', 'Schamberger', 116, 65, 'f', '952.457.2603'),
(17, 'Lottie', 'Abshire', 117, 95, 'f', '680-004-8947'),
(18, 'Eldridge', 'Raynor', 118, 77, 'f', '331.107.9358'),
(19, 'Cindi', 'Doyle', 119, 94, 'f', '353-452-1449'),
(20, 'Anibal', 'Bahringer', 120, 91, 'm', '564.130.2816'),
(21, 'Dagny', 'Torp', 121, 78, 'f', '(494) 139-9378'),
(22, 'Carmela', 'Klein', 122, 99, 'm', '(751) 440-7174'),
(23, 'Karl', 'Kuhic', 123, 88, 'm', '1-387-021-7017'),
(24, 'Jerome', 'Feeney', 124, 89, 'm', '1-852-608-8376'),
(25, 'Roxy', 'Langosh', 125, 95, 'm', '1-149-138-8305'),
(26, 'Teri', 'Thiel', 126, 86, 'f', '209.231.8439'),
(27, 'Laila', 'Cummerata', 127, 70, 'm', '250.067.8434'),
(28, 'Brady', 'Crona', 128, 91, 'f', '680.864.3299'),
(29, 'Dexter', 'Vandervort', 129, 97, 'm', '(738) 274-7181'),
(30, 'Jamaal', 'Bashirian', 130, 74, 'f', '354.156.0291'),
(31, 'Myong', 'Stroman', 131, 69, 'f', '1-401-682-2506'),
(32, 'Chong', 'Kuhlman', 132, 100, 'm', '1-790-842-4339'),
(33, 'Cory', 'Sanford', 133, 86, 'f', '900-820-7961'),
(34, 'Edgardo', 'Batz', 134, 68, 'm', '1-472-243-0115'),
(35, 'Dania', 'Marks', 135, 83, 'm', '(464) 415-0002'),
(36, 'Sondra', 'Trantow', 136, 81, 'm', '219-754-1084'),
(37, 'Tawana', 'Torp', 137, 96, 'm', '207-778-9655'),
(38, 'Sylvester', 'Abshire', 138, 89, 'm', '(436) 904-5758'),
(39, 'Caren', 'Schroeder', 139, 76, 'm', '(837) 542-8464'),
(40, 'Davida', 'Huel', 140, 91, 'f', '(163) 692-0791'),
(41, 'Clark', 'Walker', 141, 89, 'm', '(795) 984-6827'),
(42, 'Shawnee', 'Haley', 142, 67, 'm', '176.461.5284'),
(43, 'Garth', 'Reilly', 143, 87, 'f', '(563) 440-6362'),
(44, 'Rebbeca', 'Medhurst', 144, 88, 'f', '522.151.4614'),
(45, 'Lala', 'OKon', 145, 98, 'f', '1-281-663-6545'),
(46, 'Marquerite', 'Cummerata', 146, 97, 'f', '113.937.4360'),
(47, 'Crystal', 'Romaguera', 147, 82, 'f', '(748) 790-0190'),
(48, 'Isaiah', 'Dickinson', 148, 94, 'm', '718-199-3596'),
(49, 'Billie', 'Cartwright', 149, 65, 'f', '(100) 083-0015'),
(50, 'Azalee', 'Huels', 150, 75, 'f', '864-023-4458'),
(51, 'Sona', 'Klein', 151, 96, 'f', '1-754-710-5538'),
(52, 'Christoper', 'Cummerata', 152, 85, 'm', '(610) 895-8903'),
(53, 'Felica', 'Hegmann', 153, 85, 'm', '139-842-7242'),
(54, 'Homer', 'Wiegand', 154, 69, 'f', '1-100-860-4283'),
(55, 'Maryjo', 'Cremin', 155, 92, 'f', '137-748-3161'),
(56, 'Xavier', 'Renner', 156, 83, 'f', '485-042-5093'),
(57, 'Aaron', 'Marquardt', 157, 76, 'f', '180.995.9879'),
(58, 'Vallie', 'Kilback', 158, 100, 'm', '1-104-540-9129'),
(59, 'Mirna', 'Wuckert', 159, 69, 'f', '1-355-101-9110'),
(60, 'Jacques', 'Donnelly', 160, 70, 'm', '1-338-930-8336'),
(61, 'Loretta', 'Olson', 161, 82, 'f', '431.120.6394'),
(62, 'Santiago', 'Larson', 162, 85, 'm', '1-656-103-4720'),
(63, 'Chantal', 'Lubowitz', 163, 82, 'm', '(955) 589-7749'),
(64, 'Eda', 'Grimes', 164, 76, 'f', '688.982.9811'),
(65, 'Magaret', 'Kassulke', 165, 70, 'm', '1-764-250-1630'),
(66, 'Loan', 'Langosh', 166, 99, 'f', '(511) 937-4686'),
(67, 'Fredda', 'Howe', 167, 83, 'f', '(484) 247-3055'),
(68, 'Ariel', 'Hand', 168, 94, 'f', '1-333-036-2337'),
(69, 'Dion', 'Watsica', 169, 71, 'm', '430-629-3288'),
(70, 'Lacy', 'Swift', 170, 69, 'f', '(947) 445-3447'),
(71, 'Drew', 'Witting', 171, 74, 'm', '491.912.5337'),
(72, 'Adelia', 'Koelpin', 172, 83, 'f', '1-743-222-7367'),
(73, 'Rocky', 'Emmerich', 173, 88, 'f', '816.049.6406'),
(74, 'Roberta', 'Conn', 174, 76, 'f', '(604) 768-4138'),
(75, 'Emile', 'Stoltenberg', 175, 74, 'm', '(130) 133-0981'),
(76, 'Kasey', 'Kohler', 176, 79, 'f', '(417) 664-6894'),
(77, 'Bethanie', 'Beahan', 177, 87, 'f', '154.783.0205'),
(78, 'Becky', 'Cremin', 178, 71, 'm', '244.836.8837'),
(79, 'Mikel', 'Herzog', 179, 89, 'm', '(838) 500-6002'),
(80, 'Kristel', 'Rutherford', 180, 83, 'f', '245-935-2361'),
(81, 'Windy', 'Legros', 181, 92, 'm', '(402) 028-0745'),
(82, 'Laree', 'Nienow', 182, 75, 'f', '441-667-1673'),
(83, 'Darnell', 'Fadel', 183, 66, 'f', '137.398.8790'),
(84, 'Chauncey', 'Pagac', 184, 101, 'm', '728-770-7914'),
(85, 'Arnold', 'Adams', 185, 87, 'm', '361-521-0748'),
(86, 'Brady', 'Adams', 186, 78, 'm', '217.633.8056'),
(87, 'Hellen', 'Turner', 187, 93, 'm', '(666) 957-8018'),
(88, 'Darcy', 'Pacocha', 188, 76, 'f', '1-761-469-4826'),
(89, 'Lulu', 'MacGyver', 189, 91, 'f', '757.099.6154'),
(90, 'Zoila', 'Kunze', 190, 95, 'm', '(766) 370-0718'),
(91, 'Val', 'Yost', 191, 73, 'f', '848.231.8108'),
(92, 'Leena', 'Robel', 192, 92, 'm', '235-210-1942'),
(93, 'Phebe', 'Bergnaum', 193, 90, 'm', '(266) 171-0507'),
(94, 'Salvador', 'Schuster', 194, 69, 'f', '1-344-175-7681'),
(95, 'Ellamae', 'Conn', 195, 69, 'm', '667-763-3359'),
(96, 'Gabriella', 'Gerlach', 196, 85, 'm', '990.314.2305'),
(97, 'Cruz', 'Veum', 197, 73, 'f', '(433) 995-9234'),
(98, 'Merrill', 'Heaney', 198, 83, 'f', '974-971-9054'),
(99, 'Ryan', 'Sauer', 199, 98, 'm', '(174) 539-1960'),
(100, 'Doyle', 'Fadel', 200, 73, 'm', '1-433-748-9059'),
(101, 'Jovan', 'McGlynn', 201, 92, 'f', '477-635-7787'),
(102, 'Chong', 'Kris', 202, 83, 'm', '874.427.0622'),
(103, 'Charleen', 'Torphy', 203, 67, 'm', '1-940-099-4651'),
(104, 'Charles', 'Yundt', 204, 72, 'f', '1-218-771-6629'),
(105, 'Merlin', 'Toy', 205, 85, 'm', '1-211-412-1934'),
(106, 'Jessi', 'Kunde', 206, 100, 'f', '585-728-8632'),
(107, 'Moshe', 'Rosenbaum', 207, 77, 'm', '982-565-1667'),
(108, 'Chi', 'Lueilwitz', 208, 71, 'f', '976.433.0201'),
(109, 'Ernie', 'Donnelly', 209, 101, 'm', '988.820.9308'),
(110, 'Jaymie', 'Yost', 210, 69, 'f', '1-585-690-0903'),
(111, 'Kim', 'Price', 211, 94, 'm', '888-001-1655'),
(112, 'Missy', 'Nader', 212, 87, 'm', '361-245-9325'),
(113, 'Hershel', 'Pollich', 213, 67, 'm', '(484) 694-9181'),
(114, 'Ben', 'Prosacco', 214, 98, 'f', '1-964-865-8406'),
(115, 'Taunya', 'Schulist', 215, 70, 'f', '971-042-4984'),
(116, 'Keshia', 'Schimmel', 216, 73, 'f', '726-658-8277'),
(117, 'Cameron', 'Doyle', 217, 101, 'f', '228.249.1404'),
(118, 'Marvin', 'Schmitt', 218, 89, 'f', '(914) 957-0638'),
(119, 'Cyndy', 'Metz', 219, 74, 'm', '1-179-184-2915'),
(120, 'Georgiann', 'Stehr', 220, 82, 'm', '134.984.4382'),
(121, 'Jessia', 'Reichert', 221, 85, 'f', '1-265-397-3927'),
(122, 'Gilma', 'Erdman', 222, 91, 'm', '817.605.7450'),
(123, 'Sharee', 'Blanda', 223, 69, 'm', '970-324-0778'),
(124, 'Bradford', 'Braun', 224, 99, 'm', '(880) 298-6245'),
(125, 'Maida', 'Bechtelar', 225, 84, 'f', '(387) 779-9265'),
(126, 'Clemencia', 'Kirlin', 226, 85, 'm', '(801) 357-9648'),
(127, 'Branda', 'Abernathy', 227, 72, 'f', '(890) 929-2550'),
(128, 'Tracey', 'Nolan', 228, 80, 'f', '1-793-278-1756'),
(129, 'Abbie', 'Hahn', 229, 93, 'f', '(421) 718-7479'),
(130, 'Jeromy', 'Renner', 230, 80, 'f', '683-860-8927'),
(131, 'Wanita', 'Kohler', 231, 76, 'f', '(418) 364-0366'),
(132, 'Sheridan', 'Gerhold', 232, 90, 'f', '816.594.8261'),
(133, 'Douglas', 'Sawayn', 233, 101, 'm', '1-321-902-3017'),
(134, 'Rebekah', 'Sawayn', 234, 100, 'm', '926-277-4448'),
(135, 'Vernon', 'Nolan', 235, 86, 'f', '(427) 225-0264'),
(136, 'Percy', 'Grant', 236, 85, 'm', '1-283-784-4906'),
(137, 'Chi', 'Mante', 237, 83, 'f', '841-929-6614'),
(138, 'Trey', 'Hagenes', 238, 81, 'f', '248-793-4888'),
(139, 'Joe', 'Sipes', 239, 75, 'f', '256-563-9921'),
(140, 'Trinh', 'Littel', 240, 91, 'm', '230.134.1828'),
(141, 'Camilla', 'Hodkiewicz', 241, 70, 'm', '504.582.7933'),
(142, 'Kendal', 'Batz', 242, 80, 'm', '1-873-259-0522'),
(143, 'Lesley', 'Lakin', 243, 100, 'm', '1-333-047-1800'),
(144, 'Rashad', 'Cremin', 244, 76, 'm', '274.419.5962'),
(145, 'Kenyatta', 'Collins', 245, 77, 'f', '1-203-290-7495'),
(146, 'Benedict', 'Bednar', 246, 67, 'm', '1-666-420-7431'),
(147, 'Augustina', 'Windler', 247, 74, 'f', '1-775-196-5554'),
(148, 'Irwin', 'Spencer', 248, 81, 'f', '(773) 874-5168'),
(149, 'Joseph', 'Reilly', 249, 83, 'f', '(883) 343-0591'),
(150, 'Kesha', 'Jacobson', 250, 81, 'm', '287.361.3412'),
(151, 'Tyra', 'Sporer', 251, 95, 'm', '(283) 966-9634'),
(152, 'Freddie', 'Ernser', 252, 89, 'm', '1-277-795-1174'),
(153, 'Freida', 'Mosciski', 253, 69, 'm', '(585) 217-1521'),
(154, 'Julie', 'Ratke', 254, 88, 'f', '429-078-6871'),
(155, 'Melonie', 'Fritsch', 255, 84, 'f', '427.827.5088'),
(156, 'Dwayne', 'Murray', 256, 97, 'f', '239-288-3876'),
(157, 'Myrtis', 'Russel', 257, 101, 'f', '1-381-737-9515'),
(158, 'Lawerence', 'Quigley', 258, 69, 'f', '637-865-0128'),
(159, 'Nichelle', 'Johns', 259, 80, 'f', '1-146-262-3745'),
(160, 'Mauricio', 'Thompson', 260, 77, 'm', '319.749.6558'),
(161, 'Sally', 'Schmitt', 261, 90, 'm', '485.216.8239'),
(162, 'Nidia', 'Haley', 262, 96, 'f', '848.220.6581'),
(163, 'Laureen', 'Luettgen', 263, 71, 'f', '879.790.2045'),
(164, 'Reinaldo', 'Feil', 264, 94, 'f', '307-313-7266'),
(165, 'Ami', 'Kub', 265, 86, 'f', '(289) 783-0734'),
(166, 'Donella', 'Koepp', 266, 86, 'm', '601-787-7451'),
(167, 'Keenan', 'Daniel', 267, 91, 'm', '1-339-891-3628'),
(168, 'Lawrence', 'Walsh', 268, 96, 'f', '(925) 277-9746'),
(169, 'Ann', 'Spinka', 269, 78, 'f', '(228) 868-9698'),
(170, 'Kourtney', 'Bode', 270, 87, 'm', '909.368.8556'),
(171, 'Tuan', 'Considine', 271, 98, 'm', '(976) 492-1003'),
(172, 'Gregg', 'Leuschke', 272, 76, 'f', '595-152-5481'),
(173, 'Alexia', 'Johnson', 273, 93, 'm', '(113) 627-5115'),
(174, 'Lincol', 'Kshleran', 274, 65, 'm', '915-165-9089'),
(175, 'Shanice', 'Zieme', 275, 101, 'f', '1-690-008-7835'),
(176, 'Dick', 'Bogisich', 276, 72, 'f', '(296) 504-6318'),
(177, 'Rochelle', 'Price', 277, 78, 'f', '702.097.8492'),
(178, 'Jay', 'Moore', 278, 76, 'm', '254.466.2715'),
(179, 'Tyra', 'Prosacco', 279, 76, 'f', '1-510-613-3700'),
(180, 'Darlena', 'Green', 280, 89, 'm', '(477) 242-4867'),
(181, 'Raleigh', 'Leannon', 281, 100, 'm', '493.949.5140'),
(182, 'Christal', 'Daniel', 282, 92, 'f', '1-274-347-3070'),
(183, 'Douglass', 'Thompson', 283, 71, 'f', '1-898-636-1377'),
(184, 'Lon', 'Gerlach', 284, 81, 'f', '1-520-254-9315'),
(185, 'Merideth', 'Gleason', 285, 93, 'm', '394.511.2355'),
(186, 'Debera', 'Price', 286, 90, 'm', '323.640.1883'),
(187, 'Emil', 'Abshire', 287, 100, 'm', '394.879.7117'),
(188, 'Salvador', 'Ullrich', 288, 91, 'f', '321-028-2959'),
(189, 'Jannie', 'Torp', 289, 82, 'f', '599-045-7983'),
(190, 'Eartha', 'OConner', 290, 95, 'm', '1-390-387-1346'),
(191, 'Leonard', 'Herman', 291, 85, 'm', '415-042-1209'),
(192, 'Hershel', 'Gusikowski', 292, 94, 'm', '(579) 292-9104'),
(193, 'Retta', 'Trantow', 293, 69, 'm', '1-843-370-6990'),
(194, 'Julio', 'Wyman', 294, 86, 'f', '1-305-484-8247'),
(195, 'Stanton', 'Yost', 295, 75, 'm', '649.769.6520'),
(196, 'Gilberte', 'Haley', 296, 100, 'm', '(459) 142-5233'),
(197, 'Shawnda', 'Lowe', 297, 95, 'f', '1-145-188-8459'),
(198, 'Dollie', 'West', 298, 93, 'm', '(401) 727-3360'),
(199, 'Martin', 'Kemmer', 299, 97, 'f', '(408) 374-6033'),
(200, 'Tu', 'Moore', 300, 94, 'f', '312.933.4265');



/*  
 *  Insert Data to ResidentDietaryInfo
 */

 INSERT INTO ResidentDietaryInfo(DietaryID, ResidentID, DietaryType, InfoDetail) VALUES
(1, 1, 'Preference', 'Vegetarian'),
(2, 2, 'Preference', 'Vegan'),
(3, 3, 'Preference', 'Gluten-Free'),
(4, 4, 'Allergy', 'Lactose Intolerant'),
(5, 5, 'Preference', 'Dairy-Free'),
(6, 6, 'Allergy', 'Nut Allergy'),
(7, 7, 'Preference', 'Low-Carb'),
(8, 8, 'Preference', 'Paleo'),
(9, 9, 'Allergy', 'Gluten Allergy'),
(10, 10, 'Preference', 'Keto'),
(11, 11, 'Preference', 'Pescatarian'),
(12, 12, 'Allergy', 'Egg Allergy'),
(13, 13, 'Preference', 'Sugar-Free'),
(14, 14, 'Preference', 'Whole30'),
(15, 15, 'Allergy', 'Soy Allergy'),
(16, 16, 'Preference', 'High-Protein'),
(17, 17, 'Preference', 'Low-Sodium'),
(18, 18, 'Allergy', 'Shellfish Allergy'),
(19, 19, 'Preference', 'Low-Fat'),
(20, 20, 'Preference', 'Plant-Based'),
(21, 21, 'Allergy', 'Wheat Allergy'),
(22, 22, 'Preference', 'Raw'),
(23, 23, 'Preference', 'Organic'),
(24, 24, 'Allergy', 'Dairy Allergy'),
(25, 25, 'Preference', 'Mediterranean Diet'),
(26, 26, 'Preference', 'Flexitarian'),
(27, 27, 'Allergy', 'Peanut Allergy'),
(28, 28, 'Preference', 'Low-Calorie'),
(29, 29, 'Preference', 'DASH Diet'),
(30, 30, 'Allergy', 'Fish Allergy'),
(31, 31, 'Preference', 'Anti-Inflammatory'),
(32, 32, 'Allergy', 'Soy Intolerance'),
(33, 33, 'Preference', 'FODMAP'),
(34, 34, 'Allergy', 'Egg Intolerance'),
(35, 35, 'Preference', 'Low-Glycemic'),
(36, 36, 'Preference', 'Clean Eating'),
(37, 37, 'Allergy', 'Corn Allergy'),
(38, 38, 'Preference', 'South Beach Diet'),
(39, 39, 'Preference', 'Vegan Keto'),
(40, 40, 'Preference', 'Low-Cholesterol'),
(41, 41, 'Allergy', 'Milk Allergy'),
(42, 42, 'Preference', 'Ayurvedic Diet'),
(43, 43, 'Allergy', 'Wheat Intolerance'),
(44, 44, 'Preference', 'Pegan Diet'),
(45, 45, 'Preference', 'Flexitarian'),
(46, 46, 'Allergy', 'Nut Intolerance'),
(47, 47, 'Preference', 'Slow Carb Diet'),
(48, 48, 'Preference', 'Intermittent Fasting'),
(49, 49, 'Allergy', 'Gluten Intolerance'),
(50, 50, 'Preference', ' Gluten-Free'),
(51, 51, 'Preference', ' Vegan'),
(52, 52, 'Allergy', ' Nut Allergy'),
(53, 53, 'Preference', ' Low-Carb'),
(54, 54, 'Allergy', ' Dairy Allergy'),
(55, 55, 'Preference', ' Paleo'),
(56, 56, 'Preference', ' Keto'),
(57, 57, 'Allergy', ' Shellfish Allergy'),
(58, 58, 'Preference', ' Whole30'),
(59, 59, 'Preference', ' Low-Fat'),
(60, 60, 'Allergy', ' Gluten Intolerance'),
(61, 61, 'Preference', ' Sugar-Free'),
(62, 62, 'Preference', ' Mediterranean Diet'),
(63, 63, 'Allergy', ' Soy Allergy'),
(64, 64, 'Preference', ' High-Protein'),
(65, 65, 'Preference', ' Vegan'),
(66, 66, 'Allergy', ' Lactose Intolerant'),
(67, 67, 'Preference', ' Vegetarian'),
(68, 68, 'Allergy', ' Peanut Allergy'),
(69, 69, 'Preference', ' Gluten-Free'),
(70, 70, 'Allergy', ' Egg Allergy'),
(71, 71, 'Preference', ' Dairy-Free'),
(72, 72, 'Preference', ' Low-Sodium'),
(73, 73, 'Allergy', ' Nut Intolerance'),
(74, 74, 'Preference', ' Low-Glycemic'),
(75, 75, 'Allergy', ' Wheat Allergy'),
(76, 76, 'Preference', ' Sugar-Free'),
(77, 77, 'Preference', ' High-Fiber'),
(78, 78, 'Allergy', ' Lactose Intolerant'),
(79, 79, 'Preference', ' Whole30'),
(80, 80, 'Allergy', ' Egg Allergy'),
(81, 81, 'Preference', ' Paleo'),
(82, 82, 'Preference', ' Low-Fat'),
(83, 83, 'Allergy', ' Soy Intolerance'),
(84, 84, 'Preference', ' Gluten-Free'),
(85, 85, 'Allergy', ' Dairy Allergy'),
(86, 86, 'Preference', ' Keto'),
(87, 87, 'Allergy', ' Nut Allergy'),
(88, 88, 'Preference', ' Plant-Based'),
(89, 89, 'Preference', ' Flexitarian'),
(90, 90, 'Allergy', ' Peanut Allergy'),
(91, 91, 'Preference', ' Low-Sugar'),
(92, 92, 'Allergy', ' Fish Allergy'),
(93, 93, 'Preference', ' Mediterranean Diet'),
(94, 94, 'Allergy', ' Gluten Allergy'),
(95, 95, 'Preference', ' Vegan'),
(96, 96, 'Preference', ' Dairy-Free'),
(97, 97, 'Allergy', ' Egg Intolerance'),
(98, 98, 'Preference', ' Sugar-Free'),
(99, 99, 'Allergy', ' Soy Allergy'),
(100, 100, 'Preference', ' High-Protein'),
(101, 101, 'Preference', ' Low-Fat'),
(102, 102, 'Allergy', ' Lactose Intolerant'),
(103, 103, 'Allergy', ' Shellfish Allergy'),
(104, 104, 'Preference', ' Dairy-Free'),
(105, 105, 'Preference', ' Low-Carb'),
(106, 106, 'Allergy', ' Nut Intolerance'),
(107, 107, 'Preference', ' Sugar-Free'),
(108, 108, 'Preference', ' Paleo'),
(109, 109, 'Preference', ' Vegetarian'),
(110, 110, 'Allergy', ' Gluten Intolerance'),
(111, 111, 'Preference', ' Plant-Based'),
(112, 112, 'Allergy', ' Egg Allergy'),
(113, 113, 'Preference', ' Keto'),
(114, 114, 'Preference', ' Flexitarian'),
(115, 115, 'Allergy', ' Lactose Intolerant'),
(116, 116, 'Preference', ' Organic'),
(117, 117, 'Preference', ' Gluten-Free'),
(118, 118, 'Allergy', ' Soy Allergy'),
(119, 119, 'Preference', ' Low-Sodium'),
(120, 120, 'Preference', ' High-Protein'),
(121, 121, 'Preference', ' Low-Fat'),
(122, 122, 'Allergy', ' Nut Allergy'),
(123, 123, 'Preference', ' Vegan'),
(124, 124, 'Preference', ' Paleo'),
(125, 125, 'Allergy', ' Dairy Allergy'),
(126, 126, 'Preference', ' Low-Glycemic'),
(127, 127, 'Allergy', ' Wheat Intolerance'),
(128, 128, 'Preference', ' Anti-Inflammatory'),
(129, 129, 'Preference', ' Mediterranean Diet'),
(130, 130, 'Allergy', ' Lactose Intolerant'),
(131, 131, 'Preference', ' Sugar-Free'),
(132, 132, 'Preference', ' Low-Carb'),
(133, 133, 'Allergy', ' Nut Intolerance'),
(134, 134, 'Preference', ' Keto'),
(135, 135, 'Preference', ' Dairy-Free'),
(136, 136, 'Allergy', ' Soy Intolerance'),
(137, 137, 'Preference', ' Low-Sodium'),
(138, 138, 'Allergy', ' Gluten Intolerance'),
(139, 139, 'Preference', ' High-Fiber'),
(140, 140, 'Allergy', ' Egg Allergy'),
(141, 141, 'Preference', ' Low-Glycemic'),
(142, 142, 'Allergy', ' Lactose Intolerant'),
(143, 143, 'Preference', ' Vegetarian'),
(144, 144, 'Allergy', ' Nut Allergy'),
(145, 145, 'Preference', ' Sugar-Free'),
(146, 146, 'Preference', ' Paleo'),
(147, 147, 'Allergy', ' Soy Allergy'),
(148, 148, 'Preference', ' Whole30'),
(149, 149, 'Allergy', ' Lactose Intolerant'),
(150, 150, 'Preference', ' Low-Fat'),
(151, 151, 'Preference', ' Vegetarian'),
(152, 152, 'Preference', ' Vegan'),
(153, 153, 'Allergy', ' Dairy Allergy'),
(154, 154, 'Preference', ' Gluten-Free'),
(155, 155, 'Preference', ' Paleo'),
(156, 156, 'Preference', ' Keto'),
(157, 157, 'Allergy', ' Nut Allergy'),
(158, 158, 'Preference', ' Low-Carb'),
(159, 159, 'Allergy', ' Shellfish Allergy'),
(160, 160, 'Preference', ' Dairy-Free'),
(161, 161, 'Preference', ' Whole30'),
(162, 162, 'Allergy', ' Soy Intolerance'),
(163, 163, 'Preference', ' Low-Sodium'),
(164, 164, 'Allergy', ' Lactose Intolerant'),
(165, 165, 'Preference', ' High-Protein'),
(166, 166, 'Preference', ' Low-Fat'),
(167, 167, 'Allergy', ' Gluten Intolerance'),
(168, 168, 'Preference', ' Low-Glycemic'),
(169, 169, 'Allergy', ' Nut Intolerance'),
(170, 170, 'Preference', ' Vegan'),
(171, 171, 'Preference', ' Paleo'),
(172, 172, 'Allergy', ' Dairy Allergy'),
(173, 173, 'Preference', ' Mediterranean Diet'),
(174, 174, 'Allergy', ' Egg Allergy'),
(175, 175, 'Preference', ' Sugar-Free'),
(176, 176, 'Preference', ' Plant-Based'),
(177, 177, 'Allergy', ' Soy Allergy'),
(178, 178, 'Preference', ' Flexitarian'),
(179, 179, 'Allergy', ' Wheat Allergy'),
(180, 180, 'Preference', ' Anti-Inflammatory'),
(181, 181, 'Allergy', ' Lactose Intolerant'),
(182, 182, 'Preference', ' Organic'),
(183, 183, 'Allergy', ' Nut Allergy'),
(184, 184, 'Preference', ' Low-Carb'),
(185, 185, 'Preference', ' Sugar-Free'),
(186, 186, 'Allergy', ' Shellfish Allergy'),
(187, 187, 'Preference', ' Low-Fat'),
(188, 188, 'Allergy', ' Soy Intolerance'),
(189, 189, 'Preference', ' Whole30'),
(190, 190, 'Allergy', ' Gluten Intolerance'),
(191, 191, 'Preference', ' Vegan'),
(192, 192, 'Allergy', ' Nut Intolerance'),
(193, 193, 'Preference', ' Keto'),
(194, 194, 'Preference', ' Low-Sodium'),
(195, 195, 'Allergy', ' Egg Allergy'),
(196, 196, 'Preference', ' High-Protein'),
(197, 197, 'Allergy', ' Dairy Allergy'),
(198, 198, 'Preference', ' Low-Glycemic'),
(199, 199, 'Allergy', ' Soy Allergy'),
(200, 200, 'Preference', ' Plant-Based');



/*  
 *  Insert Data to MealMenu Table
 */
INSERT INTO MealMenu(MealID, MealName, Description) VALUES
(1, 'Grilled Veggie Wrap', 'A wrap filled with grilled vegetables and hummus'),
(2, 'Quinoa Salad', 'A fresh quinoa salad with mixed greens and lemon dressing'),
(3, 'Chicken Salad', 'Grilled chicken served over a bed of mixed greens'),
(4, 'Tomato Basil Pasta', 'Pasta with fresh tomatoes and basil with no dairy'),
(5, 'Coconut Curry', 'A spicy coconut-based curry with vegetables'),
(6, 'Turkey Sandwich', 'Sliced turkey breast with lettuce and tomato with no nuts'),
(7, 'Zucchini Noodles', 'Zucchini noodles with garlic and olive oil sauce'),
(8, 'Grilled Salmon', 'Grilled salmon with a side of steamed broccoli'),
(9, 'Rice Bowl', 'A rice bowl with vegetables and grilled chicken'),
(10, 'Avocado Bacon Salad', 'Avocado salad with bacon and mixed greens'),
(11, 'Shrimp Stir-Fry', ' Shrimp stir-fried with vegetables and soy sauce'),
(12, 'Beef Stir-Fry', 'Beef stir-fried with vegetables with no eggs'),
(13, 'Roasted Chicken', 'Roasted chicken with herbs with no sugar'),
(14, 'Cauliflower Rice Bowl', 'Cauliflower rice with vegetables and chicken'),
(15, 'Lemon Herb Chicken', 'Chicken cooked with lemon and herbs with no soy'),
(16, 'Turkey Meatballs', 'Turkey meatballs with marinara sauce'),
(17, 'Baked Fish', 'Baked fish with herbs and a side of steamed vegetables'),
(18, 'Beef Tacos', 'Beef tacos with lettuce  tomato and cheese'),
(19, 'Steamed Vegetables', 'A variety of steamed vegetables with a light sauce'),
(20, 'Lentil Soup', 'Hearty lentil soup with vegetables'),
(21, 'Corn Tortilla Tacos', 'Tacos with corn tortillas'),
(22, 'Fresh Fruit Salad', 'A mix of fresh raw fruits'),
(23, 'Organic Chicken Breast', 'Grilled organic chicken breast with a side of greens'),
(24, 'Vegan Tofu Stir-Fry', 'Tofu stir-fried with vegetables with no dairy'),
(25, 'Greek Salad', 'Salad with tomatoes with cucumbers and feta cheese'),
(26, 'Mixed Grill', 'A combination of grilled meats and vegetables'),
(27, 'Grilled Chicken Sandwich', 'Chicken sandwich with lettuce and tomato with no peanut'),
(28, 'Vegetable Soup', 'Low-calorie vegetable soup with a light broth'),
(29, 'Roasted Turkey', 'Roasted turkey with a side of steamed vegetables'),
(30, 'Veggie Pasta', 'Pasta with a variety of vegetables'),
(31, 'Turmeric Chicken', 'Chicken cooked with turmeric and spices'),
(32, 'Herb-Crusted Salmon', 'Salmon with a herb crust with no soy'),
(33, 'Grilled Pork Chops', 'Pork chops with a side of low-FODMAP vegetables'),
(34, 'Vegetable Stir-Fry', 'Stir-fried vegetables'),
(35, 'Quinoa and Veggies', 'Quinoa mixed with a variety of vegetables'),
(36, 'Grilled Chicken and Veggies', 'Grilled chicken with a side of steamed vegetables'),
(37, 'Rice Pasta', 'Pasta made from rice flour with a light tomato sauce'),
(38, 'Grilled Tuna', 'Tuna steak with a side of vegetables'),
(39, 'Avocado Salad', 'Salad with avocado'),
(40, 'Steamed Fish', 'Steamed fish with a side of vegetables'),
(41, 'Dairy-Free Smoothie', 'Smoothie made with almond milk and fruits'),
(42, 'Lentil Dahl', 'Traditional lentil dahl with spices'),
(43, 'Buckwheat Pancakes', 'Pancakes made from buckwheat flour'),
(44, 'Vegetable Curry', 'Curry with a variety of vegetables and spices'),
(45, 'Chicken and Veggies', 'Grilled chicken with a side of mixed vegetables'),
(46, 'Vegetable Wrap', 'Wrap with a variety of fresh vegetables'),
(47, 'Bean Salad', 'Mixed bean salad with a light dressing'),
(48, 'Grilled Fish', 'Grilled fish with a side of vegetables'),
(49, 'Gluten-Free Pasta', 'Pasta made from gluten-free ingredients'),
(50, ' Spaghetti Squash Pasta', ' Spaghetti squash with marinara sauce'),
(51, ' Black Bean Burger', ' A vegan burger made from black beans and spices'),
(52, ' Grilled Chicken Salad', ' Grilled chicken over mixed greens with no nuts'),
(53, ' Cauliflower Pizza', ' Pizza with a cauliflower crust and vegetable toppings'),
(54, ' Grilled Tofu', ' Grilled tofu with a side of vegetables with no dairy'),
(55, ' Beef and Broccoli', ' Stir-fried beef with broccoli in a light sauce'),
(56, ' Egg Muffins', ' Egg muffins with spinach and cheese'),
(57, ' Vegetable Stir-Fry', ' Stir-fried vegetables with a soy sauce glaze'),
(58, ' Chicken and Zucchini', ' Grilled chicken with zucchini noodles'),
(59, ' Baked Cod', ' Baked cod with lemon and herbs'),
(60, ' Quinoa Stuffed Peppers', ' Peppers stuffed with quinoa and vegetables'),
(61, ' Lemon Herb Salmon', ' Grilled salmon with lemon and herbs'),
(62, ' Hummus and Veggies', ' Hummus served with fresh vegetables for dipping'),
(63, ' Herb Grilled Chicken', ' Chicken grilled with a variety of herbs with  no soy'),
(64, ' Beef and Bean Chili', ' Chili made with ground beef and beans'),
(65, ' Tofu Scramble', ' Scrambled tofu with vegetables'),
(66, ' Chicken Fajitas', ' Chicken fajitas with peppers and onions with  no cheese'),
(67, ' Veggie Tacos', ' Tacos filled with a variety of fresh vegetables'),
(68, ' Turkey and Veggie Wrap', ' Wrap with turkey and vegetables with  no peanuts'),
(69, ' Sweet Potato Fries', ' Baked sweet potato fries'),
(70, ' Lentil Stew', ' A hearty lentil stew with  no egg'),
(71, ' Chickpea Salad', ' Salad with chickpeas with  vegetables and a light dressing'),
(72, ' Baked Chicken', ' Chicken baked with herbs and a side of steamed vegetables'),
(73, ' Vegetable Soup', ' A variety of fresh vegetables in a light broth with  no nuts'),
(74, ' Grilled Turkey', ' Grilled turkey breast with a side of vegetables'),
(75, ' Rice and Bean Burrito', ' Burrito made with a rice tortilla with  beans and vegetables'),
(76, ' Veggie Stir-Fry', ' Stir-fried vegetables with a sugar-free sauce'),
(77, ' Bean and Lentil Soup', ' Soup made with beans and lentils'),
(78, ' Grilled Shrimp', ' Grilled shrimp with a side of vegetables with  no dairy'),
(79, ' Pork and Sweet Potato', ' Roasted pork with sweet potato fries'),
(80, ' Rice and Veggie Bowl', ' Bowl of rice with a variety of vegetables with  no egg'),
(81, ' Turkey Meatballs', ' Turkey meatballs with marinara sauce'),
(82, ' Steamed Fish', ' Fish steamed with herbs and a side of vegetables'),
(83, ' Grilled Beef', ' Beef grilled with spices with  no soy'),
(84, ' Chicken Skewers', ' Chicken skewers with a variety of vegetables'),
(85, ' Roasted Veggie Bowl', ' Bowl of roasted vegetables with  no dairy'),
(86, ' Avocado Egg Salad', ' Salad with avocado with  eggs and mixed greens'),
(87, ' Turkey Burger', ' Turkey burger with lettuce and tomato with  no nuts'),
(88, ' Chickpea Curry', ' Curry made with chickpeas and a variety of vegetables'),
(89, ' Mixed Green Salad', ' Salad with mixed greens with  tomatoes and a light dressing'),
(90, ' Grilled Steak', ' Grilled steak with a side of vegetables with  no peanuts'),
(91, ' Roasted Vegetables', ' A variety of roasted vegetables with herbs'),
(92, ' Vegetable Lasagna', ' Lasagna made with layers of vegetables with  no fish'),
(93, ' Greek Yogurt Parfait', ' Greek yogurt layered with fruit and granola'),
(94, ' Quinoa and Veggie Stir-Fry', ' Stir-fried quinoa with vegetables with  no gluten'),
(95, ' Vegan Pad Thai', ' Pad Thai made with rice noodles and tofu'),
(96, ' Chicken and Avocado Wrap', ' Wrap with chicken with  avocado and vegetables'),
(97, ' Vegetable and Bean Chili', ' Chili made with vegetables and beans with  no egg'),
(98, ' Baked Salmon', ' Salmon baked with a variety of herbs with  no sugar'),
(99, ' Chicken and Rice Bowl', ' Bowl of chicken and rice with vegetables with  no soy'),
(100, ' Beef Stir-Fry', ' Beef stir-fried with a variety of vegetables'),
(101, ' Steamed Tofu', ' Tofu steamed with vegetables'),
(102, ' Grilled Chicken and Veggies', ' Grilled chicken served with a side of vegetables with  no dairy'),
(103, ' Chicken Teriyaki', ' Grilled chicken with teriyaki sauce and steamed vegetables'),
(104, ' Lentil Curry', ' Lentil curry made with coconut milk and spices'),
(105, ' Baked Chicken Wings', ' Baked chicken wings with a side of celery sticks'),
(106, ' Chicken Caesar Salad', ' Chicken Caesar salad without nuts'),
(107, ' Grilled Zucchini', ' Grilled zucchini with olive oil and herbs'),
(108, ' Beef Stew', ' Slow-cooked beef stew with vegetables'),
(109, ' Vegetable Stir-Fry', ' Stir-fried vegetables with soy sauce'),
(110, ' Rice Noodles', ' Rice noodles with vegetables and tofu'),
(111, ' Black Bean Soup', ' Black bean soup with vegetables'),
(112, ' Vegan Pancakes', ' Pancakes made with almond flour with  no eggs'),
(113, ' Cheese Omelette', ' Cheese omelette with spinach and mushrooms'),
(114, ' Grilled Lamb Chops', ' Grilled lamb chops with a side of vegetables'),
(115, ' Coconut Smoothie', ' Smoothie made with coconut milk and fruits'),
(116, ' Organic Beef Burger', ' Beef burger with organic lettuce and tomato'),
(117, ' Chickpea Salad', ' Salad made with chickpeas and vegetables'),
(118, ' Grilled Pork Chops', ' Pork chops grilled with herbs with  no soy'),
(119, ' Steamed Asparagus', ' Steamed asparagus with lemon'),
(120, ' Chicken Breast', ' Grilled chicken breast with a side of vegetables'),
(121, ' Grilled Shrimp', ' Grilled shrimp with a side of steamed vegetables'),
(122, ' Turkey Sandwich', ' Turkey sandwich with lettuce and tomato with  no nuts'),
(123, ' Chickpea Curry', ' Curry made with chickpeas and spices'),
(124, ' Grilled Steak', ' Grilled steak with a side of vegetables'),
(125, ' Vegetable Soup', ' Vegetable soup with no dairy'),
(126, ' Quinoa Salad', ' Quinoa salad with vegetables and lemon dressing'),
(127, ' Cornbread', ' Cornbread made with cornmeal with  no wheat'),
(128, ' Turmeric Rice', ' Rice cooked with turmeric and spices'),
(129, ' Grilled Eggplant', ' Grilled eggplant with olive oil and herbs'),
(130, ' Tomato Basil Soup', ' Tomato basil soup with no dairy'),
(131, ' Baked Cod', ' Baked cod with lemon and herbs with  no sugar'),
(132, ' Zucchini Lasagna', ' Lasagna made with zucchini slices'),
(133, ' Fruit Salad', ' Fresh fruit salad with  no nuts'),
(134, ' Avocado Salad', ' Avocado salad with mixed greens and bacon'),
(135, ' Coconut Curry', ' Curry made with coconut milk and vegetables'),
(136, ' Chicken Stir-Fry', ' Chicken stir-fried with vegetables with  no soy'),
(137, ' Baked Salmon', ' Salmon baked with herbs and a side of vegetables'),
(138, ' Rice and Veggie Bowl', ' Rice bowl with vegetables and grilled chicken'),
(139, ' Lentil Stew', ' Stew made with lentils and vegetables'),
(140, ' Chicken Wrap', ' Chicken wrap with lettuce and tomato with  no eggs'),
(141, ' Chicken and Veggies', ' Grilled chicken with a side of vegetables'),
(142, ' Shrimp Skewers', ' Shrimp skewers with a side of vegetables with  no dairy'),
(143, ' Veggie Pizza', ' Pizza with a variety of vegetables'),
(144, ' Veggie Tacos', ' Tacos with vegetables and no nuts'),
(145, ' Grilled Chicken', ' Grilled chicken with herbs with  no sugar'),
(146, ' Beef Stir-Fry', ' Stir-fried beef with vegetables'),
(147, ' Lemon Chicken', ' Chicken cooked with lemon and herbs with  no soy'),
(148, ' Baked Fish', ' Fish baked with herbs and a side of vegetables'),
(149, ' Grilled Tofu', ' Tofu grilled with vegetables with  no dairy'),
(150, ' Turkey Meatballs', ' Turkey meatballs with marinara sauce'),
(151, ' Veggie Wrap', ' A wrap filled with fresh vegetables and hummus'),
(152, ' Lentil Burger', ' A vegan burger made from lentils and spices'),
(153, ' Chicken Salad', ' Grilled chicken served over mixed greens with  no dairy'),
(154, ' Quinoa Bowl', ' A bowl of quinoa with vegetables and herbs'),
(155, ' Beef Kabobs', ' Grilled beef kabobs with vegetables'),
(156, ' Chicken Caesar Salad', ' Caesar salad with grilled chicken with no croutons'),
(157, ' Turkey Sandwich', ' Turkey sandwich with lettuce and tomato with  no nuts'),
(158, ' Eggplant Parmesan', ' Baked eggplant with marinara sauce and cheese'),
(159, ' Chicken Fajitas', ' Chicken fajitas with peppers and onions with  no shellfish'),
(160, ' Coconut Shrimp', ' Coconut shrimp with a side of vegetables'),
(161, ' Zucchini Noodles', ' Zucchini noodles with marinara sauce'),
(162, ' Grilled Beef', ' Beef grilled with spices with  no soy'),
(163, ' Baked Fish', ' Fish baked with herbs and a side of vegetables'),
(164, ' Tomato Soup', ' Tomato soup with no dairy'),
(165, ' Chicken Skewers', ' Grilled chicken skewers with vegetables'),
(166, ' Steamed Tofu', ' Tofu steamed with vegetables'),
(167, ' Rice Pasta', ' Pasta made with rice flour and vegetables'),
(168, ' Roasted Chicken', ' Roasted chicken with a side of vegetables'),
(169, ' Grilled Salmon', ' Grilled salmon with no nuts'),
(170, ' Vegetable Curry', ' Curry made with a variety of vegetables'),
(171, ' Turkey Meatloaf', ' Meatloaf made with ground turkey and vegetables'),
(172, ' Vegetable Stir-Fry', ' Stir-fried vegetables with no dairy'),
(173, ' Hummus Plate', ' Hummus served with fresh vegetables for dipping'),
(174, ' Vegetable Soup', ' Soup made with a variety of vegetables with no eggs'),
(175, ' Baked Chicken', ' Chicken baked with herbs and no sugar'),
(176, ' Black Bean Chili', ' Chili made with black beans and vegetables'),
(177, ' Lemon Chicken', ' Chicken cooked with lemon and herbs with  no soy'),
(178, ' Mixed Grill', ' A combination of grilled meats and vegetables'),
(179, ' Corn Tortilla Tacos', ' Tacos with corn tortillas with no  lettuce and tomato'),
(180, ' Turmeric Rice', ' Rice cooked with turmeric and vegetables'),
(181, ' Vegetable Stir-Fry', ' Stir-fried vegetables with no dairy'),
(182, ' Organic Chicken Breast', ' Grilled organic chicken breast with vegetables'),
(183, ' Turkey and Veggie Wrap', ' Wrap with turkey and vegetables with  no nuts'),
(184, ' Zucchini Fries', ' Baked zucchini fries with a light dip'),
(185, ' Grilled Steak', ' Steak grilled with herbs and no sugar'),
(186, ' Beef Stir-Fry', ' Stir-fried beef with vegetables with  no shellfish'),
(187, ' Steamed Fish', ' Fish steamed with herbs and a side of vegetables'),
(188, ' Grilled Tofu', ' Tofu grilled with vegetables with  no soy'),
(189, ' Baked Sweet Potatoes', ' Sweet potatoes baked with herbs'),
(190, ' Quinoa Salad', ' Salad made with quinoa and vegetables with  no gluten'),
(191, ' Lentil Soup', ' Soup made with lentils and vegetables'),
(192, ' Fruit Salad', ' Fresh fruit salad with no nuts'),
(193, ' Bacon and Eggs', ' Classic breakfast with bacon and eggs'),
(194, ' Chicken and Veggies', ' Grilled chicken with a side of steamed vegetables'),
(195, ' Vegetable Pasta', ' Pasta with a variety of vegetables with  no eggs'),
(196, ' Beef Tacos', ' Beef tacos with lettuce with no tomato and cheese'),
(197, ' Chicken Stir-Fry', ' Stir-fried chicken with vegetables with  no dairy'),
(198, ' Avocado Salad', ' Salad with avocado with no mixed greens and lemon dressing'),
(199, ' Chicken Teriyaki', ' Chicken with a teriyaki glaze with  no soy'),
(200, ' Tofu Salad', ' Salad made with tofu and vegetables');

/*  
 *  Insert Data to MealDietCompatibility Table
 */

 INSERT INTO MealDietCompatibility (MealID, DietaryID) VALUES
(1, 1),
(2, 2),
(3, 3),
(4, 4),
(5, 5),
(6, 6),
(7, 7),
(8, 8),
(9, 9),
(10, 10),
(11, 11),
(12, 12),
(13, 13),
(14, 14),
(15, 15),
(16, 16),
(17, 17),
(18, 18),
(19, 19),
(20, 20),
(21, 21),
(22, 22),
(23, 23),
(24, 24),
(25, 25),
(26, 26),
(27, 27),
(28, 28),
(29, 29),
(30, 30),
(31, 31),
(32, 32),
(33, 33),
(34, 34),
(35, 35),
(36, 36),
(37, 37),
(38, 38),
(39, 39),
(40, 40),
(41, 41),
(42, 42),
(43, 43),
(44, 44),
(45, 45),
(46, 46),
(47, 47),
(48, 48),
(49, 49),
(50, 50),
(51, 51),
(52, 52),
(53, 53),
(54, 54),
(55, 55),
(56, 56),
(57, 57),
(58, 58),
(59, 59),
(60, 60),
(61, 61),
(62, 62),
(63, 63),
(64, 64),
(65, 65),
(66, 66),
(67, 67),
(68, 68),
(69, 69),
(70, 70),
(71, 71),
(72, 72),
(73, 73),
(74, 74),
(75, 75),
(76, 76),
(77, 77),
(78, 78),
(79, 79),
(80, 80),
(81, 81),
(82, 82),
(83, 83),
(84, 84),
(85, 85),
(86, 86),
(87, 87),
(88, 88),
(89, 89),
(90, 90),
(91, 91),
(92, 92),
(93, 93),
(94, 94),
(95, 95),
(96, 96),
(97, 97),
(98, 98),
(99, 99),
(100, 100),
(101, 101),
(102, 102),
(103, 103),
(104, 104),
(105, 105),
(106, 106),
(107, 107),
(108, 108),
(109, 109),
(110, 110),
(111, 111),
(112, 112),
(113, 113),
(114, 114),
(115, 115),
(116, 116),
(117, 117),
(118, 118),
(119, 119),
(120, 120),
(121, 121),
(122, 122),
(123, 123),
(124, 124),
(125, 125),
(126, 126),
(127, 127),
(128, 128),
(129, 129),
(130, 130),
(131, 131),
(132, 132),
(133, 133),
(134, 134),
(135, 135),
(136, 136),
(137, 137),
(138, 138),
(139, 139),
(140, 140),
(141, 141),
(142, 142),
(143, 143),
(144, 144),
(145, 145),
(146, 146),
(147, 147),
(148, 148),
(149, 149),
(150, 150),
(151, 151),
(152, 152),
(153, 153),
(154, 154),
(155, 155),
(156, 156),
(157, 157),
(158, 158),
(159, 159),
(160, 160),
(161, 161),
(162, 162),
(163, 163),
(164, 164),
(165, 165),
(166, 166),
(167, 167),
(168, 168),
(169, 169),
(170, 170),
(171, 171),
(172, 172),
(173, 173),
(174, 174),
(175, 175),
(176, 176),
(177, 177),
(178, 178),
(179, 179),
(180, 180),
(181, 181),
(182, 182),
(183, 183),
(184, 184),
(185, 185),
(186, 186),
(187, 187),
(188, 188),
(189, 189),
(190, 190),
(191, 191),
(192, 192),
(193, 193),
(194, 194),
(195, 195),
(196, 196),
(197, 197),
(198, 198),
(199, 199),
(200, 200);


 /*  
 *  Insert Data to Staff Table
 */

 INSERT INTO Staff (StaffID, FirstName, LastName, Role) VALUES
(1001, 'John', 'Doe', 'Chef'),
(1002, 'Jane', 'Smith', 'Nurse'),
(1003, 'Michael', 'Johnson', 'Dietitian'),
(1004, 'Emily', 'Williams', 'Cook'),
(1005, 'David', 'Brown', 'Server'),
(1006, 'Sarah', 'Jones', 'Cleaner'),
(1007, 'Chris', 'Garcia', 'Manager'),
(1008, 'Jessica', 'Martinez', 'Assistant'),
(1009, 'Daniel', 'Rodriguez', 'Chef'),
(1010, 'Laura', 'Hernandez', 'Nurse'),
(1011, 'James', 'Lopez', 'Dietitian'),
(1012, 'Amanda', 'Gonzalez', 'Cook'),
(1013, 'Robert', 'Wilson', 'Server'),
(1014, 'Linda', 'Anderson', 'Cleaner'),
(1015, 'Thomas', 'Thomas', 'Manager'),
(1016, 'Patricia', 'Taylor', 'Assistant'),
(1017, 'Mark', 'Moore', 'Chef'),
(1018, 'Barbara', 'Jackson', 'Nurse'),
(1019, 'Steven', 'Martin', 'Dietitian'),
(1020, 'Susan', 'Lee', 'Cook'),
(1021, 'Paul', 'Perez', 'Server'),
(1022, 'Karen', 'Thompson', 'Cleaner'),
(1023, 'Andrew', 'White', 'Manager'),
(1024, 'Nancy', 'Harris', 'Assistant'),
(1025, 'Joshua', 'Sanchez', 'Chef'),
(1026, 'Betty', 'Clark', 'Nurse'),
(1027, 'Kevin', 'Ramirez', 'Dietitian'),
(1028, 'Lisa', 'Lewis', 'Cook'),
(1029, 'Brian', 'Robinson', 'Server'),
(1030, 'Sandra', 'Walker', 'Cleaner'),
(1031, 'Edward', 'Young', 'Manager'),
(1032, 'Donna', 'Allen', 'Assistant'),
(1033, 'George', 'King', 'Chef'),
(1034, 'Carol', 'Wright', 'Nurse'),
(1035, 'Kenneth', 'Scott', 'Dietitian'),
(1036, 'Michelle', 'Torres', 'Cook'),
(1037, 'Ronald', 'Nguyen', 'Server'),
(1038, 'Dorothy', 'Hill', 'Cleaner'),
(1039, 'Anthony', 'Flores', 'Manager'),
(1040, 'Sharon', 'Green', 'Assistant'),
(1041, 'Matthew', 'Adams', 'Chef'),
(1042, 'Cynthia', 'Nelson', 'Nurse'),
(1043, 'Donald', 'Baker', 'Dietitian'),
(1044, 'Kathleen', 'Hall', 'Cook'),
(1045, 'Jeffrey', 'Rivera', 'Server'),
(1046, 'Deborah', 'Campbell', 'Cleaner'),
(1047, 'Gary', 'Mitchell', 'Manager'),
(1048, 'Rebecca', 'Carter', 'Assistant'),
(1049, 'Frank', 'Roberts', 'Chef'),
(1050, 'Laura', 'Gomez', 'Nurse'),
(1051, 'Scott', 'Phillips', 'Dietitian'),
(1052, 'Kimberly', 'Evans', 'Cook'),
(1053, 'Eric', 'Turner', 'Server'),
(1054, 'Martha', 'Diaz', 'Cleaner'),
(1055, 'Stephen', 'Parker', 'Manager'),
(1056, 'Ruth', 'Cruz', 'Assistant'),
(1057, 'Larry', 'Edwards', 'Chef'),
(1058, 'Anna', 'Collins', 'Nurse'),
(1059, 'Jason', 'Reyes', 'Dietitian'),
(1060, 'Angela', 'Stewart', 'Cook'),
(1061, 'Ryan', 'Morris', 'Server'),
(1062, 'Brenda', 'Morales', 'Cleaner'),
(1063, 'Jacob', 'Murphy', 'Manager'),
(1064, 'Pamela', 'Cook', 'Assistant'),
(1065, 'Nicholas', 'Rogers', 'Chef'),
(1066, 'Katherine', 'Gutierrez', 'Nurse'),
(1067, 'Jonathan', 'Ortiz', 'Dietitian'),
(1068, 'Shirley', 'Morgan', 'Cook'),
(1069, 'Justin', 'Cooper', 'Server'),
(1070, 'Amy', 'Peterson', 'Cleaner'),
(1071, 'Brandon', 'Bailey', 'Manager'),
(1072, 'Emma', 'Reed', 'Assistant'),
(1073, 'Benjamin', 'Kelly', 'Chef'),
(1074, 'Heather', 'Howard', 'Nurse'),
(1075, 'Samuel', 'Ramos', 'Dietitian'),
(1076, 'Melissa', 'Kim', 'Cook'),
(1077, 'Gregory', 'Cox', 'Server'),
(1078, 'Debra', 'Ward', 'Cleaner'),
(1079, 'Patrick', 'Richardson', 'Manager'),
(1080, 'Stephanie', 'Watson', 'Assistant'),
(1081, 'Alexander', 'Brooks', 'Chef'),
(1082, 'Rebecca', 'Chavez', 'Nurse'),
(1083, 'Jack', 'Wood', 'Dietitian'),
(1084, 'Sharon', 'James', 'Cook'),
(1085, 'Dennis', 'Bennett', 'Server'),
(1086, 'Catherine', 'Gray', 'Cleaner'),
(1087, 'Jerry', 'Mendoza', 'Manager'),
(1088, 'Rachel', 'Ruiz', 'Assistant'),
(1089, 'Tyler', 'Hughes', 'Chef'),
(1090, 'Maria', 'Price', 'Nurse'),
(1091, 'Aaron', 'Alvarez', 'Dietitian'),
(1092, 'Janet', 'Castillo', 'Cook'),
(1093, 'Henry', 'Sanders', 'Server'),
(1094, 'Christine', 'Patel', 'Cleaner'),
(1095, 'Douglas', 'Myers', 'Manager'),
(1096, 'Julie', 'Long', 'Assistant'),
(1097, 'Peter', 'Ross', 'Chef'),
(1098, 'Evelyn', 'Foster', 'Nurse'),
(1099, 'Adam', 'Jimenez', 'Dietitian'),
(1100, 'Frances', 'Powell', 'Cook'),
(1101, 'Zachary', 'Jenkins', 'Server'),
(1102, 'Megan', 'Perry', 'Cleaner'),
(1103, 'Nathan', 'Russell', 'Manager'),
(1104, 'Alice', 'Sullivan', 'Assistant'),
(1105, 'Kyle', 'Bell', 'Chef'),
(1106, 'Julia', 'Coleman', 'Nurse'),
(1107, 'Walter', 'Butler', 'Dietitian'),
(1108, 'Victoria', 'Henderson', 'Cook'),
(1109, 'Harold', 'Barnes', 'Server'),
(1110, 'Olivia', 'Gonzales', 'Cleaner'),
(1111, 'Carl', 'Fisher', 'Manager'),
(1112, 'Rose', 'Vasquez', 'Assistant'),
(1113, 'Arthur', 'Simmons', 'Chef'),
(1114, 'Gloria', 'Romero', 'Nurse'),
(1115, 'Lawrence', 'Jordan', 'Dietitian'),
(1116, 'Kathryn', 'Patterson', 'Cook'),
(1117, 'Dylan', 'Alexander', 'Server'),
(1118, 'Judith', 'Hamilton', 'Cleaner'),
(1119, 'Bruce', 'Graham', 'Manager'),
(1120, 'Theresa', 'Reynolds', 'Assistant'),
(1121, 'Ralph', 'Griffin', 'Chef'),
(1122, 'Beverly', 'Wallace', 'Nurse'),
(1123, 'Roy', 'Moreno', 'Dietitian'),
(1124, 'Denise', 'West', 'Cook'),
(1125, 'Wayne', 'Cole', 'Server'),
(1126, 'Marilyn', 'Hayes', 'Cleaner'),
(1127, 'Eugene', 'Bryant', 'Manager'),
(1128, 'Mildred', 'Herrera', 'Assistant'),
(1129, 'Juan', 'Gibson', 'Chef'),
(1130, 'Amber', 'Ellis', 'Nurse'),
(1131, 'Russell', 'Tran', 'Dietitian'),
(1132, 'Danielle', 'Medina', 'Cook'),
(1133, 'Louis', 'Aguilar', 'Server'),
(1134, 'Brittany', 'Stevens', 'Cleaner'),
(1135, 'Philip', 'Murray', 'Manager'),
(1136, 'Diana', 'Ford', 'Assistant'),
(1137, 'Vincent', 'Castro', 'Chef'),
(1138, 'Hannah', 'Marshall', 'Nurse'),
(1139, 'Bobby', 'Owens', 'Dietitian'),
(1140, 'Theresa', 'Harrison', 'Cook'),
(1141, 'Johnny', 'Fernandez', 'Server'),
(1142, 'Doris', 'McDonald', 'Cleaner'),
(1143, 'Alan', 'Woods', 'Manager'),
(1144, 'Shirley', 'Washington', 'Assistant'),
(1145, 'Philip', 'Kennedy', 'Chef'),
(1146, 'Ruth', 'Wells', 'Nurse'),
(1147, 'Albert', 'Vargas', 'Dietitian'),
(1148, 'Helen', 'Henry', 'Cook'),
(1149, 'Joe', 'Chen', 'Server'),
(1150, 'Jean', 'Freeman', 'Cleaner'),
(1151, 'Howard', 'Webb', 'Manager'),
(1152, 'Cheryl', 'Tucker', 'Assistant'),
(1153, 'Randy', 'Guzman', 'Chef'),
(1154, 'Martha', 'Burns', 'Nurse'),
(1155, 'Carlos', 'Crawford', 'Dietitian'),
(1156, 'Janice', 'Olson', 'Cook'),
(1157, 'Craig', 'Simpson', 'Server'),
(1158, 'Marie', 'Porter', 'Cleaner'),
(1159, 'Bradley', 'Hunter', 'Manager'),
(1160, 'Louise', 'Gordon', 'Assistant'),
(1161, 'Gabriel', 'Mendez', 'Chef'),
(1162, 'Evelyn', 'Silva', 'Nurse'),
(1163, 'Keith', 'Shaw', 'Dietitian'),
(1164, 'Joan', 'Snyder', 'Cook'),
(1165, 'Billy', 'Mason', 'Server'),
(1166, 'Ashley', 'Dixon', 'Cleaner'),
(1167, 'Willie', 'Munoz', 'Manager'),
(1168, 'Rose', 'Hunt', 'Assistant'),
(1169, 'Jordan', 'Hicks', 'Chef'),
(1170, 'Diane', 'Holmes', 'Nurse'),
(1171, 'Ethan', 'Palmer', 'Dietitian'),
(1172, 'Julie', 'Wagner', 'Cook'),
(1173, 'Bruce', 'Black', 'Server'),
(1174, 'Alice', 'Robertson', 'Cleaner'),
(1175, 'Bryan', 'Boyd', 'Manager'),
(1176, 'Megan', 'Rose', 'Assistant'),
(1177, 'Louis', 'Stone', 'Chef'),
(1178, 'Kayla', 'Salazar', 'Nurse'),
(1179, 'Randy', 'Fox', 'Dietitian'),
(1180, 'Jacqueline', 'Warren', 'Cook'),
(1181, 'Walter', 'Mills', 'Server'),
(1182, 'Katherine', 'Meyer', 'Cleaner'),
(1183, 'Henry', 'Rice', 'Manager'),
(1184, 'Diana', 'Schmidt', 'Assistant'),
(1185, 'Patrick', 'Garza', 'Chef'),
(1186, 'Emily', 'Daniels', 'Nurse'),
(1187, 'Benjamin', 'Ferguson', 'Dietitian'),
(1188, 'Laura', 'Nichols', 'Cook'),
(1189, 'Samuel', 'Stephens', 'Server'),
(1190, 'Victoria', 'Soto', 'Cleaner'),
(1191, 'Alexander', 'Greene', 'Manager'),
(1192, 'Grace', 'Hernandez', 'Assistant'),
(1193, 'Jack', 'Ramirez', 'Chef'),
(1194, 'Sophia', 'Peterson', 'Nurse'),
(1195, 'Nicholas', 'Simmons', 'Dietitian'),
(1196, 'Isabella', 'Henderson', 'Cook'),
(1197, 'David', 'Perry', 'Server'),
(1198, 'Mia', 'Cruz', 'Cleaner'),
(1199, 'James', 'Butler', 'Manager'),
(1200, 'Olivia', 'Ortiz', 'Assistant');




 /*  
 *  Insert Data to MealDeliveryLogs Table
 */
INSERT INTO MealDeliveryLogs (DeliveryID, ResidentID, DeliveryDateTime, MealID, StaffID) VALUES
(1, 1, '2020-06-30 4:09', 105, 1005),
(2, 2, '2021-09-27 4:31', 188, 1013),
(3, 3, '2021-12-30 12:02', 80, 1021),
(4, 4, '2020-02-21 20:12', 121, 1029),
(5, 5, '2020-03-06 1:09', 186, 1037),
(6, 6, '2021-03-22 4:52', 99, 1045),
(7, 7, '2020-05-19 11:07', 178, 1053),
(8, 8, '2020-02-12 10:03', 137, 1061),
(9, 9, '2021-11-27 5:51', 164, 1069),
(10, 10, '2020-01-07 6:09', 128, 1077),
(11, 11, '2020-05-20 22:28', 82, 1085),
(12, 12, '2022-05-06 9:31', 2, 1093),
(13, 13, '2020-10-28 19:13', 118, 1101),
(14, 14, '2020-05-15 12:39', 110, 1109),
(15, 15, '2020-11-23 15:38', 188, 1117),
(16, 16, '2021-05-06 9:23', 94, 1125),
(17, 17, '2021-01-21 0:41', 96, 1133),
(18, 18, '2020-08-16 14:53', 192, 1141),
(19, 19, '2020-11-03 8:41', 127, 1149),
(20, 20, '2020-12-01 22:08', 126, 1157),
(21, 21, '2021-12-07 9:59', 12, 1165),
(22, 22, '2021-11-13 4:19', 118, 1173),
(23, 23, '2020-05-07 5:50', 79, 1005),
(24, 24, '2021-03-29 18:20', 165, 1013),
(25, 25, '2022-05-09 12:20', 163, 1021),
(26, 26, '2021-10-19 7:00', 135, 1029),
(27, 27, '2020-09-24 2:17', 34, 1037),
(28, 28, '2020-07-07 1:58', 189, 1045),
(29, 29, '2020-04-22 21:50', 144, 1053),
(30, 30, '2020-08-11 13:10', 18, 1061),
(31, 31, '2021-10-17 18:00', 74, 1069),
(32, 32, '2021-12-04 1:43', 59, 1077),
(33, 33, '2020-04-05 1:21', 64, 1085),
(34, 34, '2020-03-06 7:11', 153, 1093),
(35, 35, '2020-12-16 4:52', 149, 1101),
(36, 36, '2021-10-02 1:24', 145, 1109),
(37, 37, '2020-10-24 8:17', 56, 1117),
(38, 38, '2022-04-30 6:44', 54, 1125),
(39, 39, '2022-03-03 13:06', 21, 1133),
(40, 40, '2021-05-19 4:03', 43, 1141),
(41, 41, '2021-08-03 4:07', 18, 1149),
(42, 42, '2020-06-30 23:40', 166, 1157),
(43, 43, '2020-10-10 7:37', 80, 1165),
(44, 44, '2021-01-18 21:03', 123, 1173),
(45, 45, '2021-06-09 22:29', 173, 1181),
(46, 46, '2020-12-05 7:12', 81, 1189),
(47, 47, '2022-01-12 10:28', 157, 1197),
(48, 48, '2021-05-21 4:42', 100, 1029),
(49, 49, '2020-10-11 23:18', 92, 1037),
(50, 50, '2020-04-07 4:10', 73, 1045),
(51, 51, '2020-06-29 19:45', 133, 1053),
(52, 52, '2021-10-01 15:48', 15, 1061),
(53, 53, '2020-11-28 22:43', 64, 1069),
(54, 54, '2021-09-27 15:28', 163, 1077),
(55, 55, '2022-03-21 10:07', 189, 1085),
(56, 56, '2022-01-03 15:31', 167, 1093),
(57, 57, '2021-07-11 17:34', 183, 1101),
(58, 58, '2021-01-20 2:14', 41, 1109),
(59, 59, '2020-05-26 3:00', 17, 1117),
(60, 60, '2020-11-18 7:20', 77, 1125),
(61, 61, '2021-05-10 10:47', 54, 1133),
(62, 62, '2020-07-15 5:39', 18, 1141),
(63, 63, '2021-02-11 17:32', 192, 1149),
(64, 64, '2021-04-02 12:44', 3, 1157),
(65, 65, '2020-11-11 19:20', 187, 1165),
(66, 66, '2020-09-06 11:55', 31, 1173),
(67, 67, '2021-09-13 1:12', 43, 1181),
(68, 68, '2020-03-24 22:05', 141, 1189),
(69, 69, '2022-02-18 16:56', 23, 1197),
(70, 70, '2020-03-21 5:05', 82, 1117),
(71, 71, '2020-10-20 14:18', 103, 1125),
(72, 72, '2021-07-07 9:08', 134, 1133),
(73, 73, '2021-06-06 22:35', 138, 1141),
(74, 74, '2021-07-17 11:55', 42, 1149),
(75, 75, '2021-08-22 10:56', 165, 1157),
(76, 76, '2020-11-06 4:00', 121, 1165),
(77, 77, '2021-11-08 1:20', 18, 1173),
(78, 78, '2020-08-16 5:19', 50, 1181),
(79, 79, '2022-02-16 10:30', 174, 1189),
(80, 80, '2020-05-20 18:38', 6, 1005),
(81, 81, '2020-03-06 5:57', 58, 1013),
(82, 82, '2021-02-28 8:30', 167, 1021),
(83, 83, '2021-07-07 14:36', 170, 1029),
(84, 84, '2020-10-01 11:59', 154, 1037),
(85, 85, '2021-09-21 6:16', 22, 1045),
(86, 86, '2021-06-23 14:31', 119, 1053),
(87, 87, '2022-01-13 16:00', 192, 1061),
(88, 88, '2022-01-29 1:22', 33, 1069),
(89, 89, '2021-09-19 16:33', 47, 1077),
(90, 90, '2021-09-27 23:14', 46, 1085),
(91, 91, '2021-01-08 15:01', 91, 1093),
(92, 92, '2021-12-12 5:42', 182, 1101),
(93, 93, '2021-12-11 8:34', 108, 1109),
(94, 94, '2020-10-29 6:24', 140, 1117),
(95, 95, '2021-02-25 14:57', 70, 1125),
(96, 96, '2022-03-24 4:53', 133, 1133),
(97, 97, '2021-04-03 8:40', 34, 1141),
(98, 98, '2020-01-05 8:19', 104, 1149),
(99, 99, '2021-01-27 16:45', 13, 1157),
(100, 100, '2022-04-21 11:52', 4, 1165),
(101, 101, '2022-03-05 18:18', 154, 1173),
(102, 102, '2020-04-01 2:57', 70, 1181),
(103, 103, '2021-11-18 11:55', 188, 1189),
(104, 104, '2021-12-27 19:00', 114, 1197),
(105, 105, '2022-01-28 2:13', 46, 1165),
(106, 106, '2022-01-25 5:38', 97, 1173),
(107, 107, '2022-01-03 6:00', 117, 1181),
(108, 108, '2020-11-28 3:15', 63, 1189),
(109, 109, '2021-06-11 23:28', 168, 1197),
(110, 110, '2021-06-16 13:18', 70, 1005),
(111, 111, '2021-12-19 2:24', 176, 1013),
(112, 112, '2020-04-09 1:42', 122, 1021),
(113, 113, '2021-08-23 3:50', 98, 1029),
(114, 114, '2021-03-14 8:33', 61, 1037),
(115, 115, '2021-02-09 19:18', 77, 1045),
(116, 116, '2022-02-09 13:51', 133, 1053),
(117, 117, '2020-09-09 17:52', 26, 1061),
(118, 118, '2020-12-03 14:51', 115, 1069),
(119, 119, '2020-01-18 5:00', 149, 1077),
(120, 120, '2021-05-01 18:13', 148, 1085),
(121, 121, '2021-09-29 0:02', 159, 1093),
(122, 122, '2021-06-07 17:35', 49, 1101),
(123, 123, '2021-12-26 0:27', 186, 1109),
(124, 124, '2022-04-16 19:51', 171, 1117),
(125, 125, '2021-01-02 8:14', 169, 1125),
(126, 126, '2021-06-21 16:26', 181, 1005),
(127, 127, '2022-03-22 9:05', 94, 1013),
(128, 128, '2021-03-07 16:02', 84, 1021),
(129, 129, '2021-08-13 5:05', 171, 1029),
(130, 130, '2020-03-30 10:21', 137, 1037),
(131, 131, '2021-09-18 23:31', 165, 1045),
(132, 132, '2021-02-02 3:18', 46, 1053),
(133, 133, '2021-03-04 4:10', 133, 1061),
(134, 134, '2020-07-08 4:17', 121, 1069),
(135, 135, '2022-03-03 20:03', 151, 1077),
(136, 136, '2021-01-14 2:24', 31, 1085),
(137, 137, '2021-09-12 6:15', 14, 1093),
(138, 138, '2021-01-18 21:49', 76, 1101),
(139, 139, '2021-01-26 10:28', 172, 1109),
(140, 140, '2020-01-28 3:03', 103, 1117),
(141, 141, '2021-04-01 2:18', 143, 1125),
(142, 142, '2020-02-14 5:38', 43, 1133),
(143, 143, '2020-11-09 20:16', 120, 1141),
(144, 144, '2020-04-23 11:04', 161, 1149),
(145, 145, '2022-02-14 20:37', 143, 1157),
(146, 146, '2020-08-06 4:11', 170, 1165),
(147, 147, '2022-03-02 6:38', 36, 1173),
(148, 148, '2020-07-01 2:36', 173, 1181),
(149, 149, '2020-10-23 16:32', 149, 1189),
(150, 150, '2020-03-27 17:41', 173, 1197),
(151, 151, '2021-12-30 18:01', 119, 1005),
(152, 152, '2021-03-11 21:03', 63, 1013),
(153, 153, '2021-08-02 17:12', 137, 1021),
(154, 154, '2020-10-02 11:11', 38, 1029),
(155, 155, '2020-09-11 15:16', 42, 1037),
(156, 156, '2020-04-13 6:05', 12, 1045),
(157, 157, '2020-06-10 6:57', 157, 1053),
(158, 158, '2021-09-02 0:30', 45, 1061),
(159, 159, '2020-09-14 21:15', 36, 1069),
(160, 160, '2020-04-15 14:42', 49, 1077),
(161, 161, '2022-02-11 7:48', 100, 1085),
(162, 162, '2021-12-30 0:09', 91, 1093),
(163, 163, '2021-06-01 18:15', 46, 1101),
(164, 164, '2022-02-10 13:33', 41, 1109),
(165, 165, '2020-09-27 3:52', 167, 1117),
(166, 166, '2022-02-11 3:46', 158, 1125),
(167, 167, '2020-06-29 6:40', 171, 1133),
(168, 168, '2020-03-15 12:20', 4, 1141),
(169, 169, '2021-02-23 9:20', 52, 1149),
(170, 170, '2021-09-22 7:39', 76, 1157),
(171, 171, '2020-10-23 7:19', 194, 1165),
(172, 172, '2021-04-10 6:11', 132, 1173),
(173, 173, '2021-04-15 19:56', 16, 1181),
(174, 174, '2020-06-19 15:48', 90, 1189),
(175, 175, '2021-07-29 4:27', 131, 1197),
(176, 176, '2020-09-03 8:23', 75, 1005),
(177, 177, '2020-09-26 20:51', 73, 1013),
(178, 178, '2020-08-11 12:34', 183, 1021),
(179, 179, '2021-07-30 6:38', 63, 1029),
(180, 180, '2020-03-01 14:13', 38, 1037),
(181, 181, '2020-02-07 10:55', 127, 1045),
(182, 182, '2021-04-16 9:24', 61, 1053),
(183, 183, '2020-04-26 5:42', 174, 1061),
(184, 184, '2020-07-13 16:08', 64, 1069),
(185, 185, '2021-06-22 14:33', 1, 1077),
(186, 186, '2022-03-03 10:57', 23, 1085),
(187, 187, '2020-04-18 10:00', 33, 1093),
(188, 188, '2020-04-26 14:00', 40, 1101),
(189, 189, '2020-05-29 2:02', 119, 1109),
(190, 190, '2020-10-03 16:14', 171, 1117),
(191, 191, '2021-03-05 23:50', 37, 1125),
(192, 192, '2020-09-21 2:13', 139, 1133),
(193, 193, '2022-01-30 3:53', 182, 1141),
(194, 194, '2020-05-20 21:36', 34, 1149),
(195, 195, '2021-12-18 20:02', 148, 1157),
(196, 196, '2021-08-06 0:23', 129, 1165),
(197, 197, '2020-06-02 6:02', 55, 1173),
(198, 198, '2021-09-21 20:29', 133, 1181),
(199, 199, '2022-05-03 16:30', 153, 1189),
(200, 200, '2022-05-03 16:30', 46, 1197);